{"cameraMode":{"drawMode":0,"name":"Shaded","section":"Shading Mode"},"sceneLighting":true,"audioPlay":false,"sceneViewState":{"showFog":true,"showMaterialUpdate":false,"showSkybox":true,"showFlares":true,"showImageEffects":true,"showParticleSystems":true,"showVisualEffectGraphs":true,"m_FxEnabled":true},"in2DMode":false,"pivot":{"x":0.9651132822036743,"y":25.328065872192384,"z":0.6913563013076782},"rotation":{"x":-0.7204683423042297,"y":-0.0014357877662405372,"z":0.0021790252067148687,"w":-0.69371497631073},"size":14.142135620117188,"orthographic":false}