{"cameraMode":{"drawMode":0,"name":"Shaded","section":"Shading Mode"},"sceneLighting":true,"audioPlay":false,"sceneViewState":{"showFog":true,"showMaterialUpdate":false,"showSkybox":true,"showFlares":true,"showImageEffects":true,"showParticleSystems":true,"showVisualEffectGraphs":true,"m_FxEnabled":true},"in2DMode":false,"pivot":{"x":-0.15086625516414643,"y":4.7444305419921879,"z":-0.29881006479263308},"rotation":{"x":-0.5001858472824097,"y":0.4999348223209381,"z":-0.49928146600723269,"w":-0.5007085204124451},"size":8.137287139892579,"orthographic":false}