{"cameraMode":{"drawMode":0,"name":"Shaded","section":"Shading Mode"},"sceneLighting":true,"audioPlay":false,"sceneViewState":{"showFog":true,"showMaterialUpdate":false,"showSkybox":true,"showFlares":true,"showImageEffects":true,"showParticleSystems":true,"showVisualEffectGraphs":true,"m_FxEnabled":true},"in2DMode":false,"pivot":{"x":-7.031204700469971,"y":13.540157318115235,"z":-13.263907432556153},"rotation":{"x":0.49456730484962466,"y":0.037997905164957049,"z":-0.022118836641311647,"w":0.8682116866111755},"size":14.142135620117188,"orthographic":false}